{
	"class_name" : "PinholeCameraParameters",
	"extrinsic" : 
	[
		0.0,
		-0.0,
		-0.70710678118654757,
		0.0,
		1.0,
		-0.0,
		-0.0,
		0.0,
		0.0,
		-1.0,
		-0.70710678118654757,
		0.0,
		-0.0,
		4.313668689669016,
		6.1004487645141001,
		1.0
	],
	"intrinsic" : 
	{
		"height" : 1412,
		"intrinsic_matrix" : 
		[
			1222.8278701436275,
			0.0,
			0.0,
			0.0,
			1222.8278701436275,
			0.0,
			1279.5,
			705.5,
			1.0
		],
		"width" : 2560
	},
	"version_major" : 1,
	"version_minor" : 0
}